seq_id	seq_index	nucleotide	sprinzl_position	region	cm_used	rerouted	arm_loss_call
mtdbD00037746|Cys|GCA|Sphenodon punctatus	0	A			armless_trnC_wo_d.cm	True	UPSTREAM_ARM_MISSING_offset=1
mtdbD00037746|Cys|GCA|Sphenodon punctatus	1	G	1	acceptor_5	armless_trnC_wo_d.cm	True	UPSTREAM_ARM_MISSING_offset=1
mtdbD00037746|Cys|GCA|Sphenodon punctatus	2	G	2	acceptor_5	armless_trnC_wo_d.cm	True	UPSTREAM_ARM_MISSING_offset=1
mtdbD00037746|Cys|GCA|Sphenodon punctatus	3	C	3	acceptor_5	armless_trnC_wo_d.cm	True	UPSTREAM_ARM_MISSING_offset=1
mtdbD00037746|Cys|GCA|Sphenodon punctatus	4	C	4	acceptor_5	armless_trnC_wo_d.cm	True	UPSTREAM_ARM_MISSING_offset=1
mtdbD00037746|Cys|GCA|Sphenodon punctatus	5	U	5	acceptor_5	armless_trnC_wo_d.cm	True	UPSTREAM_ARM_MISSING_offset=1
mtdbD00037746|Cys|GCA|Sphenodon punctatus	6	G	6	acceptor_5	armless_trnC_wo_d.cm	True	UPSTREAM_ARM_MISSING_offset=1
mtdbD00037746|Cys|GCA|Sphenodon punctatus	7	U	8	connector_AD	armless_trnC_wo_d.cm	True	UPSTREAM_ARM_MISSING_offset=1
mtdbD00037746|Cys|GCA|Sphenodon punctatus	8	U	9	connector_AD	armless_trnC_wo_d.cm	True	UPSTREAM_ARM_MISSING_offset=1
mtdbD00037746|Cys|GCA|Sphenodon punctatus	9	A	10	D_stem_5	armless_trnC_wo_d.cm	True	UPSTREAM_ARM_MISSING_offset=1
mtdbD00037746|Cys|GCA|Sphenodon punctatus	10	A	11	D_stem_5	armless_trnC_wo_d.cm	True	UPSTREAM_ARM_MISSING_offset=1
mtdbD00037746|Cys|GCA|Sphenodon punctatus	11	G	12	D_stem_5	armless_trnC_wo_d.cm	True	UPSTREAM_ARM_MISSING_offset=1
mtdbD00037746|Cys|GCA|Sphenodon punctatus	12	U	13	D_stem_5	armless_trnC_wo_d.cm	True	UPSTREAM_ARM_MISSING_offset=1
mtdbD00037746|Cys|GCA|Sphenodon punctatus	13	A	14	D_loop	armless_trnC_wo_d.cm	True	UPSTREAM_ARM_MISSING_offset=1
mtdbD00037746|Cys|GCA|Sphenodon punctatus	14	C	27	C_stem_5	armless_trnC_wo_d.cm	True	UPSTREAM_ARM_MISSING_offset=1
mtdbD00037746|Cys|GCA|Sphenodon punctatus	15	U	28	C_stem_5	armless_trnC_wo_d.cm	True	UPSTREAM_ARM_MISSING_offset=1
mtdbD00037746|Cys|GCA|Sphenodon punctatus	16	G	29	C_stem_5	armless_trnC_wo_d.cm	True	UPSTREAM_ARM_MISSING_offset=1
mtdbD00037746|Cys|GCA|Sphenodon punctatus	17	A	30	C_stem_5	armless_trnC_wo_d.cm	True	UPSTREAM_ARM_MISSING_offset=1
mtdbD00037746|Cys|GCA|Sphenodon punctatus	18	G	31	C_stem_5	armless_trnC_wo_d.cm	True	UPSTREAM_ARM_MISSING_offset=1
mtdbD00037746|Cys|GCA|Sphenodon punctatus	19	C	32	C_loop	armless_trnC_wo_d.cm	True	UPSTREAM_ARM_MISSING_offset=1
mtdbD00037746|Cys|GCA|Sphenodon punctatus	20	U	33	C_loop	armless_trnC_wo_d.cm	True	UPSTREAM_ARM_MISSING_offset=1
mtdbD00037746|Cys|GCA|Sphenodon punctatus	21	G	34	C_loop	armless_trnC_wo_d.cm	True	UPSTREAM_ARM_MISSING_offset=1
mtdbD00037746|Cys|GCA|Sphenodon punctatus	22	C	35	C_loop	armless_trnC_wo_d.cm	True	UPSTREAM_ARM_MISSING_offset=1
mtdbD00037746|Cys|GCA|Sphenodon punctatus	23	A	36	C_loop	armless_trnC_wo_d.cm	True	UPSTREAM_ARM_MISSING_offset=1
mtdbD00037746|Cys|GCA|Sphenodon punctatus	24	A	37	C_loop	armless_trnC_wo_d.cm	True	UPSTREAM_ARM_MISSING_offset=1
mtdbD00037746|Cys|GCA|Sphenodon punctatus	25	A	38	C_loop	armless_trnC_wo_d.cm	True	UPSTREAM_ARM_MISSING_offset=1
mtdbD00037746|Cys|GCA|Sphenodon punctatus	26	C	39	C_stem_3	armless_trnC_wo_d.cm	True	UPSTREAM_ARM_MISSING_offset=1
mtdbD00037746|Cys|GCA|Sphenodon punctatus	27	U	44	V_loop	armless_trnC_wo_d.cm	True	UPSTREAM_ARM_MISSING_offset=1
mtdbD00037746|Cys|GCA|Sphenodon punctatus	28	U	45	V_loop	armless_trnC_wo_d.cm	True	UPSTREAM_ARM_MISSING_offset=1
mtdbD00037746|Cys|GCA|Sphenodon punctatus	29	A	46	V_loop	armless_trnC_wo_d.cm	True	UPSTREAM_ARM_MISSING_offset=1
mtdbD00037746|Cys|GCA|Sphenodon punctatus	30	G	47	V_loop	armless_trnC_wo_d.cm	True	UPSTREAM_ARM_MISSING_offset=1
mtdbD00037746|Cys|GCA|Sphenodon punctatus	31	G	48	V_loop	armless_trnC_wo_d.cm	True	UPSTREAM_ARM_MISSING_offset=1
mtdbD00037746|Cys|GCA|Sphenodon punctatus	32	A	48A	V_loop	armless_trnC_wo_d.cm	True	UPSTREAM_ARM_MISSING_offset=1
mtdbD00037746|Cys|GCA|Sphenodon punctatus	33	A	48B	V_loop	armless_trnC_wo_d.cm	True	UPSTREAM_ARM_MISSING_offset=1
mtdbD00037746|Cys|GCA|Sphenodon punctatus	34	A	48C	V_loop	armless_trnC_wo_d.cm	True	UPSTREAM_ARM_MISSING_offset=1
mtdbD00037746|Cys|GCA|Sphenodon punctatus	35	G	49	T_stem_5	armless_trnC_wo_d.cm	True	UPSTREAM_ARM_MISSING_offset=1
mtdbD00037746|Cys|GCA|Sphenodon punctatus	36	A	50	T_stem_5	armless_trnC_wo_d.cm	True	UPSTREAM_ARM_MISSING_offset=1
mtdbD00037746|Cys|GCA|Sphenodon punctatus	37	U	51	T_stem_5	armless_trnC_wo_d.cm	True	UPSTREAM_ARM_MISSING_offset=1
mtdbD00037746|Cys|GCA|Sphenodon punctatus	38	U	52	T_stem_5	armless_trnC_wo_d.cm	True	UPSTREAM_ARM_MISSING_offset=1
mtdbD00037746|Cys|GCA|Sphenodon punctatus	39	A	53	T_stem_5	armless_trnC_wo_d.cm	True	UPSTREAM_ARM_MISSING_offset=1
mtdbD00037746|Cys|GCA|Sphenodon punctatus	40	G	54	T_loop	armless_trnC_wo_d.cm	True	UPSTREAM_ARM_MISSING_offset=1
mtdbD00037746|Cys|GCA|Sphenodon punctatus	41	A	55	T_loop	armless_trnC_wo_d.cm	True	UPSTREAM_ARM_MISSING_offset=1
mtdbD00037746|Cys|GCA|Sphenodon punctatus	42	A	56	T_loop	armless_trnC_wo_d.cm	True	UPSTREAM_ARM_MISSING_offset=1
mtdbD00037746|Cys|GCA|Sphenodon punctatus	43	A	57	T_loop	armless_trnC_wo_d.cm	True	UPSTREAM_ARM_MISSING_offset=1
mtdbD00037746|Cys|GCA|Sphenodon punctatus	44	U	58	T_loop	armless_trnC_wo_d.cm	True	UPSTREAM_ARM_MISSING_offset=1
mtdbD00037746|Cys|GCA|Sphenodon punctatus	45	A	59	T_loop	armless_trnC_wo_d.cm	True	UPSTREAM_ARM_MISSING_offset=1
mtdbD00037746|Cys|GCA|Sphenodon punctatus	46	U	61	T_stem_3	armless_trnC_wo_d.cm	True	UPSTREAM_ARM_MISSING_offset=1
mtdbD00037746|Cys|GCA|Sphenodon punctatus	47	A	62	T_stem_3	armless_trnC_wo_d.cm	True	UPSTREAM_ARM_MISSING_offset=1
mtdbD00037746|Cys|GCA|Sphenodon punctatus	48	G	63	T_stem_3	armless_trnC_wo_d.cm	True	UPSTREAM_ARM_MISSING_offset=1
mtdbD00037746|Cys|GCA|Sphenodon punctatus	49	U	64	T_stem_3	armless_trnC_wo_d.cm	True	UPSTREAM_ARM_MISSING_offset=1
mtdbD00037746|Cys|GCA|Sphenodon punctatus	50	C	65	T_stem_3	armless_trnC_wo_d.cm	True	UPSTREAM_ARM_MISSING_offset=1
mtdbD00037746|Cys|GCA|Sphenodon punctatus	51	C	66	acceptor_3	armless_trnC_wo_d.cm	True	UPSTREAM_ARM_MISSING_offset=1
mtdbD00037746|Cys|GCA|Sphenodon punctatus	52	A	67	acceptor_3	armless_trnC_wo_d.cm	True	UPSTREAM_ARM_MISSING_offset=1
mtdbD00037746|Cys|GCA|Sphenodon punctatus	53	G	68	acceptor_3	armless_trnC_wo_d.cm	True	UPSTREAM_ARM_MISSING_offset=1
mtdbD00037746|Cys|GCA|Sphenodon punctatus	54	G	69	acceptor_3	armless_trnC_wo_d.cm	True	UPSTREAM_ARM_MISSING_offset=1
mtdbD00037746|Cys|GCA|Sphenodon punctatus	55	C	70	acceptor_3	armless_trnC_wo_d.cm	True	UPSTREAM_ARM_MISSING_offset=1
mtdbD00037746|Cys|GCA|Sphenodon punctatus	56	U	71	acceptor_3	armless_trnC_wo_d.cm	True	UPSTREAM_ARM_MISSING_offset=1
mtdbD00037746|Cys|GCA|Sphenodon punctatus	57	U	73	discriminator_CCA	armless_trnC_wo_d.cm	True	UPSTREAM_ARM_MISSING_offset=1
mtdbD00038055|Ser1|GCU|Mus musculus	0	A	1	acceptor_5	armless_trnS1_wo_d.cm	True	UPSTREAM_ARM_MISSING_offset=1
mtdbD00038055|Ser1|GCU|Mus musculus	1	A	2	acceptor_5	armless_trnS1_wo_d.cm	True	UPSTREAM_ARM_MISSING_offset=1
mtdbD00038055|Ser1|GCU|Mus musculus	2	G	3	acceptor_5	armless_trnS1_wo_d.cm	True	UPSTREAM_ARM_MISSING_offset=1
mtdbD00038055|Ser1|GCU|Mus musculus	3	A	4	acceptor_5	armless_trnS1_wo_d.cm	True	UPSTREAM_ARM_MISSING_offset=1
mtdbD00038055|Ser1|GCU|Mus musculus	4	A	5	acceptor_5	armless_trnS1_wo_d.cm	True	UPSTREAM_ARM_MISSING_offset=1
mtdbD00038055|Ser1|GCU|Mus musculus	5	A	6	acceptor_5	armless_trnS1_wo_d.cm	True	UPSTREAM_ARM_MISSING_offset=1
mtdbD00038055|Ser1|GCU|Mus musculus	6	G	7	acceptor_5	armless_trnS1_wo_d.cm	True	UPSTREAM_ARM_MISSING_offset=1
mtdbD00038055|Ser1|GCU|Mus musculus	7	A	8	connector_AD	armless_trnS1_wo_d.cm	True	UPSTREAM_ARM_MISSING_offset=1
mtdbD00038055|Ser1|GCU|Mus musculus	8	U	9	connector_AD	armless_trnS1_wo_d.cm	True	UPSTREAM_ARM_MISSING_offset=1
mtdbD00038055|Ser1|GCU|Mus musculus	9	U	10	D_stem_5	armless_trnS1_wo_d.cm	True	UPSTREAM_ARM_MISSING_offset=1
mtdbD00038055|Ser1|GCU|Mus musculus	10	G	11	D_stem_5	armless_trnS1_wo_d.cm	True	UPSTREAM_ARM_MISSING_offset=1
mtdbD00038055|Ser1|GCU|Mus musculus	11	C	12	D_stem_5	armless_trnS1_wo_d.cm	True	UPSTREAM_ARM_MISSING_offset=1
mtdbD00038055|Ser1|GCU|Mus musculus	12	A	27	C_stem_5	armless_trnS1_wo_d.cm	True	UPSTREAM_ARM_MISSING_offset=1
mtdbD00038055|Ser1|GCU|Mus musculus	13	A	28	C_stem_5	armless_trnS1_wo_d.cm	True	UPSTREAM_ARM_MISSING_offset=1
mtdbD00038055|Ser1|GCU|Mus musculus	14	G	29	C_stem_5	armless_trnS1_wo_d.cm	True	UPSTREAM_ARM_MISSING_offset=1
mtdbD00038055|Ser1|GCU|Mus musculus	15	A	30	C_stem_5	armless_trnS1_wo_d.cm	True	UPSTREAM_ARM_MISSING_offset=1
mtdbD00038055|Ser1|GCU|Mus musculus	16	A	31	C_stem_5	armless_trnS1_wo_d.cm	True	UPSTREAM_ARM_MISSING_offset=1
mtdbD00038055|Ser1|GCU|Mus musculus	17	C	32	C_loop	armless_trnS1_wo_d.cm	True	UPSTREAM_ARM_MISSING_offset=1
mtdbD00038055|Ser1|GCU|Mus musculus	18	U	33	C_loop	armless_trnS1_wo_d.cm	True	UPSTREAM_ARM_MISSING_offset=1
mtdbD00038055|Ser1|GCU|Mus musculus	19	G	34	C_loop	armless_trnS1_wo_d.cm	True	UPSTREAM_ARM_MISSING_offset=1
mtdbD00038055|Ser1|GCU|Mus musculus	20	C	35	C_loop	armless_trnS1_wo_d.cm	True	UPSTREAM_ARM_MISSING_offset=1
mtdbD00038055|Ser1|GCU|Mus musculus	21	U	36	C_loop	armless_trnS1_wo_d.cm	True	UPSTREAM_ARM_MISSING_offset=1
mtdbD00038055|Ser1|GCU|Mus musculus	22	A	37	C_loop	armless_trnS1_wo_d.cm	True	UPSTREAM_ARM_MISSING_offset=1
mtdbD00038055|Ser1|GCU|Mus musculus	23	A	38	C_loop	armless_trnS1_wo_d.cm	True	UPSTREAM_ARM_MISSING_offset=1
mtdbD00038055|Ser1|GCU|Mus musculus	24	U	39	C_stem_3	armless_trnS1_wo_d.cm	True	UPSTREAM_ARM_MISSING_offset=1
mtdbD00038055|Ser1|GCU|Mus musculus	25	U	44	V_loop	armless_trnS1_wo_d.cm	True	UPSTREAM_ARM_MISSING_offset=1
mtdbD00038055|Ser1|GCU|Mus musculus	26	C	45	V_loop	armless_trnS1_wo_d.cm	True	UPSTREAM_ARM_MISSING_offset=1
mtdbD00038055|Ser1|GCU|Mus musculus	27	A	46	V_loop	armless_trnS1_wo_d.cm	True	UPSTREAM_ARM_MISSING_offset=1
mtdbD00038055|Ser1|GCU|Mus musculus	28	U	47	V_loop	armless_trnS1_wo_d.cm	True	UPSTREAM_ARM_MISSING_offset=1
mtdbD00038055|Ser1|GCU|Mus musculus	29	G	48	V_loop	armless_trnS1_wo_d.cm	True	UPSTREAM_ARM_MISSING_offset=1
mtdbD00038055|Ser1|GCU|Mus musculus	30	C	48A	V_loop	armless_trnS1_wo_d.cm	True	UPSTREAM_ARM_MISSING_offset=1
mtdbD00038055|Ser1|GCU|Mus musculus	31	U	48B	V_loop	armless_trnS1_wo_d.cm	True	UPSTREAM_ARM_MISSING_offset=1
mtdbD00038055|Ser1|GCU|Mus musculus	32	U	48C	V_loop	armless_trnS1_wo_d.cm	True	UPSTREAM_ARM_MISSING_offset=1
mtdbD00038055|Ser1|GCU|Mus musculus	33	C	49	T_stem_5	armless_trnS1_wo_d.cm	True	UPSTREAM_ARM_MISSING_offset=1
mtdbD00038055|Ser1|GCU|Mus musculus	34	C	50	T_stem_5	armless_trnS1_wo_d.cm	True	UPSTREAM_ARM_MISSING_offset=1
mtdbD00038055|Ser1|GCU|Mus musculus	35	A	51	T_stem_5	armless_trnS1_wo_d.cm	True	UPSTREAM_ARM_MISSING_offset=1
mtdbD00038055|Ser1|GCU|Mus musculus	36	U	52	T_stem_5	armless_trnS1_wo_d.cm	True	UPSTREAM_ARM_MISSING_offset=1
mtdbD00038055|Ser1|GCU|Mus musculus	37	G	53	T_stem_5	armless_trnS1_wo_d.cm	True	UPSTREAM_ARM_MISSING_offset=1
mtdbD00038055|Ser1|GCU|Mus musculus	38	U	54	T_loop	armless_trnS1_wo_d.cm	True	UPSTREAM_ARM_MISSING_offset=1
mtdbD00038055|Ser1|GCU|Mus musculus	39	U	55	T_loop	armless_trnS1_wo_d.cm	True	UPSTREAM_ARM_MISSING_offset=1
mtdbD00038055|Ser1|GCU|Mus musculus	40	U	56	T_loop	armless_trnS1_wo_d.cm	True	UPSTREAM_ARM_MISSING_offset=1
mtdbD00038055|Ser1|GCU|Mus musculus	41	A	57	T_loop	armless_trnS1_wo_d.cm	True	UPSTREAM_ARM_MISSING_offset=1
mtdbD00038055|Ser1|GCU|Mus musculus	42	A	58	T_loop	armless_trnS1_wo_d.cm	True	UPSTREAM_ARM_MISSING_offset=1
mtdbD00038055|Ser1|GCU|Mus musculus	43	A	59	T_loop	armless_trnS1_wo_d.cm	True	UPSTREAM_ARM_MISSING_offset=1
mtdbD00038055|Ser1|GCU|Mus musculus	44	A	60	T_loop	armless_trnS1_wo_d.cm	True	UPSTREAM_ARM_MISSING_offset=1
mtdbD00038055|Ser1|GCU|Mus musculus	45	A	60A	T_loop	armless_trnS1_wo_d.cm	True	UPSTREAM_ARM_MISSING_offset=1
mtdbD00038055|Ser1|GCU|Mus musculus	46	C	61	T_stem_3	armless_trnS1_wo_d.cm	True	UPSTREAM_ARM_MISSING_offset=1
mtdbD00038055|Ser1|GCU|Mus musculus	47	A	62	T_stem_3	armless_trnS1_wo_d.cm	True	UPSTREAM_ARM_MISSING_offset=1
mtdbD00038055|Ser1|GCU|Mus musculus	48	U	63	T_stem_3	armless_trnS1_wo_d.cm	True	UPSTREAM_ARM_MISSING_offset=1
mtdbD00038055|Ser1|GCU|Mus musculus	49	G	64	T_stem_3	armless_trnS1_wo_d.cm	True	UPSTREAM_ARM_MISSING_offset=1
mtdbD00038055|Ser1|GCU|Mus musculus	50	G	65	T_stem_3	armless_trnS1_wo_d.cm	True	UPSTREAM_ARM_MISSING_offset=1
mtdbD00038055|Ser1|GCU|Mus musculus	51	C	66	acceptor_3	armless_trnS1_wo_d.cm	True	UPSTREAM_ARM_MISSING_offset=1
mtdbD00038055|Ser1|GCU|Mus musculus	52	U	67	acceptor_3	armless_trnS1_wo_d.cm	True	UPSTREAM_ARM_MISSING_offset=1
mtdbD00038055|Ser1|GCU|Mus musculus	53	U	68	acceptor_3	armless_trnS1_wo_d.cm	True	UPSTREAM_ARM_MISSING_offset=1
mtdbD00038055|Ser1|GCU|Mus musculus	54	U	69	acceptor_3	armless_trnS1_wo_d.cm	True	UPSTREAM_ARM_MISSING_offset=1
mtdbD00038055|Ser1|GCU|Mus musculus	55	C	70	acceptor_3	armless_trnS1_wo_d.cm	True	UPSTREAM_ARM_MISSING_offset=1
mtdbD00038055|Ser1|GCU|Mus musculus	56	U	71	acceptor_3	armless_trnS1_wo_d.cm	True	UPSTREAM_ARM_MISSING_offset=1
mtdbD00038055|Ser1|GCU|Mus musculus	57	U	72	acceptor_3	armless_trnS1_wo_d.cm	True	UPSTREAM_ARM_MISSING_offset=1
mtdbD00038055|Ser1|GCU|Mus musculus	58	A	73	discriminator_CCA	armless_trnS1_wo_d.cm	True	UPSTREAM_ARM_MISSING_offset=1
mtdbD00063515|Ser1|GCU|Homo sapiens	0	G	1	acceptor_5	armless_trnS1_wo_d.cm	True	UPSTREAM_ARM_MISSING_offset=1
mtdbD00063515|Ser1|GCU|Homo sapiens	1	A	2	acceptor_5	armless_trnS1_wo_d.cm	True	UPSTREAM_ARM_MISSING_offset=1
mtdbD00063515|Ser1|GCU|Homo sapiens	2	G	3	acceptor_5	armless_trnS1_wo_d.cm	True	UPSTREAM_ARM_MISSING_offset=1
mtdbD00063515|Ser1|GCU|Homo sapiens	3	A	4	acceptor_5	armless_trnS1_wo_d.cm	True	UPSTREAM_ARM_MISSING_offset=1
mtdbD00063515|Ser1|GCU|Homo sapiens	4	A	5	acceptor_5	armless_trnS1_wo_d.cm	True	UPSTREAM_ARM_MISSING_offset=1
mtdbD00063515|Ser1|GCU|Homo sapiens	5	A	6	acceptor_5	armless_trnS1_wo_d.cm	True	UPSTREAM_ARM_MISSING_offset=1
mtdbD00063515|Ser1|GCU|Homo sapiens	6	G	7	acceptor_5	armless_trnS1_wo_d.cm	True	UPSTREAM_ARM_MISSING_offset=1
mtdbD00063515|Ser1|GCU|Homo sapiens	7	C	8	connector_AD	armless_trnS1_wo_d.cm	True	UPSTREAM_ARM_MISSING_offset=1
mtdbD00063515|Ser1|GCU|Homo sapiens	8	U	9	connector_AD	armless_trnS1_wo_d.cm	True	UPSTREAM_ARM_MISSING_offset=1
mtdbD00063515|Ser1|GCU|Homo sapiens	9	C	10	D_stem_5	armless_trnS1_wo_d.cm	True	UPSTREAM_ARM_MISSING_offset=1
mtdbD00063515|Ser1|GCU|Homo sapiens	10	A	11	D_stem_5	armless_trnS1_wo_d.cm	True	UPSTREAM_ARM_MISSING_offset=1
mtdbD00063515|Ser1|GCU|Homo sapiens	11	C	12	D_stem_5	armless_trnS1_wo_d.cm	True	UPSTREAM_ARM_MISSING_offset=1
mtdbD00063515|Ser1|GCU|Homo sapiens	12	A	27	C_stem_5	armless_trnS1_wo_d.cm	True	UPSTREAM_ARM_MISSING_offset=1
mtdbD00063515|Ser1|GCU|Homo sapiens	13	A	28	C_stem_5	armless_trnS1_wo_d.cm	True	UPSTREAM_ARM_MISSING_offset=1
mtdbD00063515|Ser1|GCU|Homo sapiens	14	G	29	C_stem_5	armless_trnS1_wo_d.cm	True	UPSTREAM_ARM_MISSING_offset=1
mtdbD00063515|Ser1|GCU|Homo sapiens	15	A	30	C_stem_5	armless_trnS1_wo_d.cm	True	UPSTREAM_ARM_MISSING_offset=1
mtdbD00063515|Ser1|GCU|Homo sapiens	16	A	31	C_stem_5	armless_trnS1_wo_d.cm	True	UPSTREAM_ARM_MISSING_offset=1
mtdbD00063515|Ser1|GCU|Homo sapiens	17	C	32	C_loop	armless_trnS1_wo_d.cm	True	UPSTREAM_ARM_MISSING_offset=1
mtdbD00063515|Ser1|GCU|Homo sapiens	18	U	33	C_loop	armless_trnS1_wo_d.cm	True	UPSTREAM_ARM_MISSING_offset=1
mtdbD00063515|Ser1|GCU|Homo sapiens	19	G	34	C_loop	armless_trnS1_wo_d.cm	True	UPSTREAM_ARM_MISSING_offset=1
mtdbD00063515|Ser1|GCU|Homo sapiens	20	C	35	C_loop	armless_trnS1_wo_d.cm	True	UPSTREAM_ARM_MISSING_offset=1
mtdbD00063515|Ser1|GCU|Homo sapiens	21	U	36	C_loop	armless_trnS1_wo_d.cm	True	UPSTREAM_ARM_MISSING_offset=1
mtdbD00063515|Ser1|GCU|Homo sapiens	22	A	37	C_loop	armless_trnS1_wo_d.cm	True	UPSTREAM_ARM_MISSING_offset=1
mtdbD00063515|Ser1|GCU|Homo sapiens	23	A	38	C_loop	armless_trnS1_wo_d.cm	True	UPSTREAM_ARM_MISSING_offset=1
mtdbD00063515|Ser1|GCU|Homo sapiens	24	C	39	C_stem_3	armless_trnS1_wo_d.cm	True	UPSTREAM_ARM_MISSING_offset=1
mtdbD00063515|Ser1|GCU|Homo sapiens	25	U	44	V_loop	armless_trnS1_wo_d.cm	True	UPSTREAM_ARM_MISSING_offset=1
mtdbD00063515|Ser1|GCU|Homo sapiens	26	C	45	V_loop	armless_trnS1_wo_d.cm	True	UPSTREAM_ARM_MISSING_offset=1
mtdbD00063515|Ser1|GCU|Homo sapiens	27	A	46	V_loop	armless_trnS1_wo_d.cm	True	UPSTREAM_ARM_MISSING_offset=1
mtdbD00063515|Ser1|GCU|Homo sapiens	28	U	47	V_loop	armless_trnS1_wo_d.cm	True	UPSTREAM_ARM_MISSING_offset=1
mtdbD00063515|Ser1|GCU|Homo sapiens	29	G	48	V_loop	armless_trnS1_wo_d.cm	True	UPSTREAM_ARM_MISSING_offset=1
mtdbD00063515|Ser1|GCU|Homo sapiens	30	C	48A	V_loop	armless_trnS1_wo_d.cm	True	UPSTREAM_ARM_MISSING_offset=1
mtdbD00063515|Ser1|GCU|Homo sapiens	31	C	48B	V_loop	armless_trnS1_wo_d.cm	True	UPSTREAM_ARM_MISSING_offset=1
mtdbD00063515|Ser1|GCU|Homo sapiens	32	C	48C	V_loop	armless_trnS1_wo_d.cm	True	UPSTREAM_ARM_MISSING_offset=1
mtdbD00063515|Ser1|GCU|Homo sapiens	33	C	49	T_stem_5	armless_trnS1_wo_d.cm	True	UPSTREAM_ARM_MISSING_offset=1
mtdbD00063515|Ser1|GCU|Homo sapiens	34	C	50	T_stem_5	armless_trnS1_wo_d.cm	True	UPSTREAM_ARM_MISSING_offset=1
mtdbD00063515|Ser1|GCU|Homo sapiens	35	A	51	T_stem_5	armless_trnS1_wo_d.cm	True	UPSTREAM_ARM_MISSING_offset=1
mtdbD00063515|Ser1|GCU|Homo sapiens	36	U	52	T_stem_5	armless_trnS1_wo_d.cm	True	UPSTREAM_ARM_MISSING_offset=1
mtdbD00063515|Ser1|GCU|Homo sapiens	37	G	53	T_stem_5	armless_trnS1_wo_d.cm	True	UPSTREAM_ARM_MISSING_offset=1
mtdbD00063515|Ser1|GCU|Homo sapiens	38	U	54	T_loop	armless_trnS1_wo_d.cm	True	UPSTREAM_ARM_MISSING_offset=1
mtdbD00063515|Ser1|GCU|Homo sapiens	39	C	55	T_loop	armless_trnS1_wo_d.cm	True	UPSTREAM_ARM_MISSING_offset=1
mtdbD00063515|Ser1|GCU|Homo sapiens	40	U	56	T_loop	armless_trnS1_wo_d.cm	True	UPSTREAM_ARM_MISSING_offset=1
mtdbD00063515|Ser1|GCU|Homo sapiens	41	A	57	T_loop	armless_trnS1_wo_d.cm	True	UPSTREAM_ARM_MISSING_offset=1
mtdbD00063515|Ser1|GCU|Homo sapiens	42	A	58	T_loop	armless_trnS1_wo_d.cm	True	UPSTREAM_ARM_MISSING_offset=1
mtdbD00063515|Ser1|GCU|Homo sapiens	43	C	59	T_loop	armless_trnS1_wo_d.cm	True	UPSTREAM_ARM_MISSING_offset=1
mtdbD00063515|Ser1|GCU|Homo sapiens	44	A	60	T_loop	armless_trnS1_wo_d.cm	True	UPSTREAM_ARM_MISSING_offset=1
mtdbD00063515|Ser1|GCU|Homo sapiens	45	A	60A	T_loop	armless_trnS1_wo_d.cm	True	UPSTREAM_ARM_MISSING_offset=1
mtdbD00063515|Ser1|GCU|Homo sapiens	46	C	61	T_stem_3	armless_trnS1_wo_d.cm	True	UPSTREAM_ARM_MISSING_offset=1
mtdbD00063515|Ser1|GCU|Homo sapiens	47	A	62	T_stem_3	armless_trnS1_wo_d.cm	True	UPSTREAM_ARM_MISSING_offset=1
mtdbD00063515|Ser1|GCU|Homo sapiens	48	U	63	T_stem_3	armless_trnS1_wo_d.cm	True	UPSTREAM_ARM_MISSING_offset=1
mtdbD00063515|Ser1|GCU|Homo sapiens	49	G	64	T_stem_3	armless_trnS1_wo_d.cm	True	UPSTREAM_ARM_MISSING_offset=1
mtdbD00063515|Ser1|GCU|Homo sapiens	50	G	65	T_stem_3	armless_trnS1_wo_d.cm	True	UPSTREAM_ARM_MISSING_offset=1
mtdbD00063515|Ser1|GCU|Homo sapiens	51	C	66	acceptor_3	armless_trnS1_wo_d.cm	True	UPSTREAM_ARM_MISSING_offset=1
mtdbD00063515|Ser1|GCU|Homo sapiens	52	U	67	acceptor_3	armless_trnS1_wo_d.cm	True	UPSTREAM_ARM_MISSING_offset=1
mtdbD00063515|Ser1|GCU|Homo sapiens	53	U	68	acceptor_3	armless_trnS1_wo_d.cm	True	UPSTREAM_ARM_MISSING_offset=1
mtdbD00063515|Ser1|GCU|Homo sapiens	54	U	69	acceptor_3	armless_trnS1_wo_d.cm	True	UPSTREAM_ARM_MISSING_offset=1
mtdbD00063515|Ser1|GCU|Homo sapiens	55	C	70	acceptor_3	armless_trnS1_wo_d.cm	True	UPSTREAM_ARM_MISSING_offset=1
mtdbD00063515|Ser1|GCU|Homo sapiens	56	U	71	acceptor_3	armless_trnS1_wo_d.cm	True	UPSTREAM_ARM_MISSING_offset=1
mtdbD00063515|Ser1|GCU|Homo sapiens	57	C	72	acceptor_3	armless_trnS1_wo_d.cm	True	UPSTREAM_ARM_MISSING_offset=1
mtdbD00063515|Ser1|GCU|Homo sapiens	58	A	73	discriminator_CCA	armless_trnS1_wo_d.cm	True	UPSTREAM_ARM_MISSING_offset=1
