seq_id	species	aa	anticodon	category	evidence_tier	source_doi	notes
mtdbD00038055|Ser1|GCU|Mus_musculus	Mus musculus	Ser1	GCU	D_armless	3	10.1017/S1355838200001047	genomic inference; D-arm absence universal across 31 mammalian mt genomes per Helm et al. 2000; no RNA-level evidence for Mus specifically
mtdbD00063515|Ser1|GCU|Homo_sapiens	Homo sapiens	Ser1	GCU	D_armless	3	10.1017/S1355838200001047	genomic inference; D-arm absence universal across 31 mammalian mt genomes per Helm et al. 2000; no RNA-level evidence for Homo specifically
mtdbD00031154|Ser2|UGA|Ascaris_suum	Ascaris suum	Ser2	UGA	D_armless	3	10.1093/genetics/130.2.471	genomic inference; D-arm absence from inability to fold into D-stem Okimoto 1992; no RNA-level evidence
mtdbD00000917|Ser1|GCU|Bos_taurus	Bos taurus	Ser1	GCU	D_armless	1	10.3389/fgene.2014.00109	large-scale physical isolation Ueda et al. 1985 J Biochem 98:1275; D-arm absence confirmed by NMR and chemical/enzymatic probing Hayashi et al. 1997
mtdbD00037746|Cys|GCA|Sphenodon_punctatus	Sphenodon punctatus	Cys	GCA	D_armless	3	10.1093/oxfordjournals.molbev.a040108	7-nt D-arm replacement loop; arm absence inferred from genomic sequence and putative secondary structure (Seutin 1994 fig. 4); no RNA-level evidence
mtdbD00031166|Pro|UGG|6239|Caenorhabditis_elegans	Caenorhabditis elegans	Pro	UGG	T_armless	2	10.1093/genetics/130.2.471	genomic arm absence unambiguous; transcription Northern-blot confirmed Okimoto & Wolstenholme 1990 EMBO J 9:3405; no mature transcript sequencing
mtdbD00031167|Trp|UCA|6239|Caenorhabditis_elegans	Caenorhabditis elegans	Trp	UCA	T_armless	2	10.1093/genetics/130.2.471	genomic arm absence unambiguous; transcription Northern-blot confirmed Okimoto & Wolstenholme 1990 EMBO J 9:3405; no mature transcript sequencing
mtdbD00031168|Glu|UUC|6239|Caenorhabditis_elegans	Caenorhabditis elegans	Glu	UUC	T_armless	2	10.1093/genetics/130.2.471	genomic arm absence unambiguous; transcription Northern-blot confirmed Okimoto & Wolstenholme 1990 EMBO J 9:3405; no mature transcript sequencing
mtdbD00031170|Tyr|GUA|6239|Caenorhabditis_elegans	Caenorhabditis elegans	Tyr	GUA	T_armless	2	10.1093/genetics/130.2.471	genomic arm absence unambiguous; transcription Northern-blot confirmed Okimoto & Wolstenholme 1990 EMBO J 9:3405; no mature transcript sequencing
mtdbD00031171|Leu2|UAA|6239|Caenorhabditis_elegans	Caenorhabditis elegans	Leu2	UAA	T_armless	2	10.1093/genetics/130.2.471	genomic arm absence unambiguous; transcription Northern-blot confirmed Okimoto & Wolstenholme 1990 EMBO J 9:3405; no mature transcript sequencing
mtdbD00031173|Phe|GAA|6239|Caenorhabditis_elegans	Caenorhabditis elegans	Phe	GAA	T_armless	2	10.1093/genetics/130.2.471	genomic arm absence unambiguous; transcription Northern-blot confirmed Okimoto & Wolstenholme 1990 EMBO J 9:3405; no mature transcript sequencing
mtdbD00031174|Thr|UGU|6239|Caenorhabditis_elegans	Caenorhabditis elegans	Thr	UGU	T_armless	2	10.1093/genetics/130.2.471	genomic arm absence unambiguous; transcription Northern-blot confirmed Okimoto & Wolstenholme 1990 EMBO J 9:3405; no mature transcript sequencing
mtdbD00031175|Cys|GCA|6239|Caenorhabditis_elegans	Caenorhabditis elegans	Cys	GCA	T_armless	2	10.1093/genetics/130.2.471	genomic arm absence unambiguous; transcription Northern-blot confirmed Okimoto & Wolstenholme 1990 EMBO J 9:3405; no mature transcript sequencing
mtdbD00031176|Met|CAU|6239|Caenorhabditis_elegans	Caenorhabditis elegans	Met	CAU	T_armless	2	10.1093/genetics/130.2.471	genomic arm absence unambiguous; transcription Northern-blot confirmed Okimoto & Wolstenholme 1990 EMBO J 9:3405; no mature transcript sequencing
mtdbD00031177|Asp|GUC|6239|Caenorhabditis_elegans	Caenorhabditis elegans	Asp	GUC	T_armless	2	10.1093/genetics/130.2.471	genomic arm absence unambiguous; transcription Northern-blot confirmed Okimoto & Wolstenholme 1990 EMBO J 9:3405; no mature transcript sequencing
mtdbD00031178|Gly|UCC|6239|Caenorhabditis_elegans	Caenorhabditis elegans	Gly	UCC	T_armless	2	10.1093/genetics/130.2.471	genomic arm absence unambiguous; transcription Northern-blot confirmed Okimoto & Wolstenholme 1990 EMBO J 9:3405; no mature transcript sequencing
mtdbD00031179|His|GUG|6239|Caenorhabditis_elegans	Caenorhabditis elegans	His	GUG	T_armless	2	10.1093/genetics/130.2.471	genomic arm absence unambiguous; transcription Northern-blot confirmed Okimoto & Wolstenholme 1990 EMBO J 9:3405; no mature transcript sequencing
mtdbD00031180|Ala|UGC|6239|Caenorhabditis_elegans	Caenorhabditis elegans	Ala	UGC	T_armless	2	10.1093/genetics/130.2.471	genomic arm absence unambiguous; transcription Northern-blot confirmed Okimoto & Wolstenholme 1990 EMBO J 9:3405; no mature transcript sequencing
mtdbD00031151|Pro|UGG|Ascaris_suum	Ascaris suum	Pro	UGG	T_armless	3	10.1093/nar/gki309	genomic inference only; not among 11 tRNAs physically isolated in Sakurai 2005
mtdbD00031161|Met|CAU|Ascaris_suum	Ascaris suum	Met	CAU	T_armless	1	10.1016/S0021-9258(17)31730-1	sequenced at RNA level Watanabe 1994
mtdbD00031153|Trp|UCA|Ascaris_suum	Ascaris suum	Trp	UCA	T_armless	2	10.1093/nar/gki309	physically isolated and modification confirmed by 2D-TLC Sakurai 2005
mtdbD00031157|Leu2|UAA|Ascaris_suum	Ascaris suum	Leu2	UAA	T_armless	2	10.1093/nar/gki309	physically isolated and modification confirmed by 2D-TLC Sakurai 2005
NC_008640.1:3161-3202|Arg|UCG|Romanomermis_culicivorax	Romanomermis culicivorax	Arg	UCG	both_armless	1	10.1016/j.biochi.2013.07.034	5' and 3' ends confirmed by RACE; non-encoded CCA confirmed; aminoacylation not directly demonstrated
NC_008640.1:3203-3266|Ile|GAU|Romanomermis_culicivorax	Romanomermis culicivorax	Ile	GAU	both_armless	1	10.1016/j.biochi.2013.07.034	5' truncated 1nt relative to genomic prediction; 3' end confirmed; non-encoded CCA confirmed; coordinates reflect genomic annotation not transcript end; aminoacylation not directly demonstrated
NC_008640.1:12906-12951|Thr|UGU|Romanomermis_culicivorax	Romanomermis culicivorax	Thr	UGU	both_armless	1	10.1016/j.biochi.2013.07.034	5' and 3' ends confirmed by RACE; non-encoded CCA confirmed; aminoacylation not directly demonstrated
